time_sec,x_m,y_m,z_m,ray_gap_m,reprojection_error_px
0.12499999999999961,-0.3642543135062586,9.09350880189517,0.5541854808531683,0.08484982237576208,11.54324196664872
0.14166666666666627,-0.3967846392956891,8.989448597598956,0.571481410731042,0.09268455990210779,12.43661245858482
0.15833333333333294,-0.43637941086446125,8.861576150135132,0.5923190295457028,0.09333343459504158,12.347344355838139
0.1749999999999996,-0.48441185096551165,8.707545647456785,0.6166884212162027,0.097502336295109,12.718265301609527
0.19166666666666626,-0.5451796715405085,8.51595131631139,0.6459865842561128,0.1035453571151593,13.327497851359029
0.20833333333333293,-0.6063059815674372,8.325345368376906,0.6737482505869464,0.09519882968550834,12.092658816887472
0.2249999999999996,-0.6677612082009112,8.135766851253434,0.6977105877874155,0.10388100498281196,13.022405543979419
0.24166666666666625,-0.7290388200766524,7.947165053280879,0.7175164700548279,0.11413386253225112,14.11848359845097
0.2583333333333329,-0.790151105707655,7.759694417511025,0.7296054974150173,0.12695255643367306,15.511760055235174
0.2749999999999996,-0.8510301462834838,7.57280426589689,0.7328849467077672,0.09266615913351252,11.173470580782574
0.29166666666666624,-0.9122416172223432,7.386989170408609,0.7221853845830628,0.1092050802222023,13.006566580121586
0.3083333333333329,-0.9741623972080498,7.20182092236128,0.6972625356394773,0.009583385616497925,1.1255708531668818
0.32499999999999957,-1.0380032006674633,7.018497801406476,0.6491635985696937,0.001946862966351888,0.2258451951111668
0.34166666666666623,-1.10433509915998,6.837569854622397,0.578969078233218,0.25624034506769194,29.27856155157277
0.3583333333333329,-1.1694634645281992,6.656412575177019,0.5324647368999362,0.26475019660304494,29.886362237304706
0.37499999999999956,-1.2325283148527144,6.475487870484217,0.5107209028800482,0.7866083922032386,87.40185139580241
0.3916666666666662,-1.2903861391271472,6.29178740851304,0.5399396169045717,0.7894197283758044,86.71399911569046
0.4083333333333329,-1.3422624853982037,6.105453488426108,0.6197824685364455,0.1952204305217147,21.420336795875397
0.42499999999999954,-1.3943372631675537,5.92029012654731,0.6751848056918835,0.20472174236633578,22.216264747865527
0.4416666666666662,-1.4472909217454935,5.735805966311391,0.7055021258608566,0.1204323375892146,12.9080842432185
0.45833333333333287,-1.5036390268587299,5.553869383843942,0.6887223599519106,0.12436963341711947,13.188793684471221
0.47499999999999953,-1.5640141099736056,5.373775807336861,0.6248357872009267,0.0568343421663717,5.946162719999585
0.4916666666666662,-1.641464889214441,5.137729217999839,0.5660143726884597,0.05732110816266917,5.93273883329333
0.5083333333333329,-1.7361496836676678,4.846269141046106,0.5116830862180637,0.42059663123791885,42.910447289526005
0.5249999999999995,-1.8460208945638565,4.498859828296214,0.4812566469984657,0.41637223342837476,42.03913683469674
0.6249999999999996,-1.9701644707007342,4.096184907048262,0.47458891906753015,0.237081273873633,22.648664554408924
0.6416666666666662,-2.076148263865534,3.7511467761210135,0.4652324308250746,0.23983328516003627,22.68632137043162
0.6583333333333328,-2.1637655324034317,3.463422067781123,0.4536404184761079,0.2371502484947912,22.214886408399337
0.6749999999999994,-2.234348781485396,3.2330146714348524,0.42806246063889236,0.24650971938896246,22.87112921491412
0.6916666666666662,-2.2887801388077564,3.0595544165399877,0.38809120480189535,0.2614178911062715,24.025811916788477
0.7083333333333328,-2.3436259904701138,2.8857088355098783,0.3436745406442089,0.26896266075480213,24.482929467678375
0.7249999999999994,-2.3989509815945502,2.7113988202211523,0.2946970112042128,0.2678398494119532,24.144527736798572
0.741666666666666,-2.45456739442227,2.536805447801396,0.24193705166379448,0.26093697328490434,23.300726601201823
0.7583333333333329,-2.5103571436349985,2.361207491658179,0.1859947875635314,0.25737455442158846,22.759486729393277
0.7749999999999995,-2.566605975430574,2.1855724150216536,0.1285218833772435,0.26736449108330956,23.422577827841117
0.7916666666666661,-2.6231376478644344,2.011782116485892,0.07404331919192216,0.2765720133149552,24.004618576002503
0.8083333333333327,-2.678870892466272,1.8439301595045885,0.029087142112194132,0.27175425339226533,23.359155599940294
0.8249999999999995,-2.7321401361008464,1.686671064716795,0.0009373823119350547,0.2376846781173238,20.250098865712218
0.8416666666666661,-2.7809682845917916,1.542743033005046,-0.005866621768152135,0.20110892634724636,17.017275317055933
0.8583333333333327,-2.8241413319126707,1.411810746123285,0.007188497040971353,0.20455922752555022,17.2299064911088
0.8749999999999993,-2.8629749221553875,1.2891246730135566,0.034263417624276565,0.19822477053986334,16.61217581921385
0.8916666666666662,-2.899709826390218,1.171950039109784,0.06723676175154093,0.20601576560620996,17.176071111456757
0.9083333333333328,-2.9359605733256013,1.0577430079763788,0.09996920950177489,0.22132673255918126,18.3613983453473
0.9249999999999994,-2.973146414047446,0.9446031690849142,0.12920508473161155,0.23451612885963566,19.364571883499202
0.941666666666666,-3.010437013150454,0.8326457849420723,0.1538928369108394,0.2626999555967431,21.603683677855336
0.9583333333333328,-3.046893388837756,0.7188090347759002,0.17493626560576184,0.27237865354797924,22.29628763217902
0.9749999999999994,-3.0826627708259022,0.6014993120019986,0.19301604147986737,0.2697560020778773,21.967969740759415
0.991666666666666,-3.1174462576122113,0.4814620482802873,0.20899480797492365,0.2742345534953049,22.222863046823626
1.0083333333333326,-3.152051484100097,0.36065010323564684,0.22311310390217048,0.27411917881256703,22.097749794223297
1.0249999999999995,-3.1859194527043426,0.24207986903555812,0.23485683083203768,0.27635488314657125,22.16598515351657
1.041666666666666,-3.2183753520048235,0.12727657892574556,0.24397916539539122,0.27283325989196155,21.783175611895
1.0583333333333327,-3.250062211198737,0.016040039904460346,0.24997175612407616,0.2715119598559514,21.598170753029432
1.0749999999999993,-3.2806746322053715,-0.09427684926603708,0.25270358768887213,0.277667915660648,21.99094642503524
1.0916666666666661,-3.3113404392883736,-0.2048369294874186,0.2526778578353225,0.281721760176562,22.211081777544717
1.1083333333333327,-3.3428506649174183,-0.31551319084380147,0.25008760206009567,0.29030279300485323,22.79131254551921
1.1249999999999993,-3.3743292479636637,-0.4255050435959511,0.24486988272755517,0.2930406390534891,22.906991057962696
1.141666666666666,-3.4051586766899105,-0.5320947971216133,0.23701022262705482,0.2857511752502374,22.243500803614786
1.1583333333333328,-3.434781022403556,-0.6345778856178921,0.22600594548504677,0.28846194490521376,22.368899005782797
1.1749999999999994,-3.4629542547577596,-0.7342157290284058,0.21125027318903716,0.29997912660042186,23.17944206543383
1.191666666666666,-3.4902852478374684,-0.833160614778235,0.19276851547553644,0.303266956669174,23.35276901864992
1.2083333333333326,-3.5181703351365625,-0.9347257452418251,0.17089968692768215,0.29942368098845734,22.968175079648283
1.2249999999999992,-3.5472879370984045,-1.040493109577366,0.1463203682025633,0.2941338369044337,22.466389408601913
1.241666666666666,-3.5771076856474764,-1.1491161967946706,0.12026322072387566,0.28956134732258354,22.02233424810963
1.2583333333333326,-3.6067633517645694,-1.2580933605764009,0.093612524805566,0.2862661826892912,21.67922574822133
1.2749999999999992,-3.637015956012477,-1.36589412583308,0.054492583415088745,0.28725509861473225,21.666420962373905
1.291666666666666,-3.6666705733192893,-1.4704616586000192,0.0030712069960944985,0.2908894603830213,21.86281839411195
1.3083333333333327,-3.2649320252671914,-0.8657969119767411,0.008085161905538582,0.29559165390371755,22.14129749811928
1.3249999999999993,-2.4401581413813243,0.4585491829006002,0.0710224682085239,0.05606382134759871,4.15823987881065
1.341666666666666,-1.200885048888413,2.5101057007430247,0.2187681212124306,0.06153853310962097,4.548184001337985
1.441666666666666,0.4292939712666073,5.279983157840709,0.45290098580243365,0.04006705680458178,19.088258913195084
1.4583333333333326,1.5606729887494801,7.3433662909977375,0.6356780635401459,0.04761009064031692,20.95223625389989
1.4749999999999992,1.858721348493566,8.54485738651287,0.7472272236582166,0.08665823276845984,14.47417397371944
1.4916666666666658,1.3115907271252318,8.872961348500876,0.7714043828203305,0.1392321312836753,19.87211763755642
1.5083333333333326,-0.06812706618384118,8.346461023430146,0.7063016175777376,0.18130849101549512,24.878834497024826
1.6749999999999992,-1.825912403993023,7.700557053928491,0.6212012732351172,0.5500796796460876,63.88381122011178
1.691666666666666,-3.297155341625974,7.219177537675991,0.5516387510217466,0.5884635948763206,68.42282572917942
1.7083333333333326,-4.4392926186732184,6.922598626040821,0.500537864832741,0.6273122101046557,73.26783330541852
1.7249999999999992,-5.211726449356114,6.819353886674426,0.4705155267919136,0.6620742856107096,78.25418509376946
1.7416666666666658,-5.581649544743732,6.907901410422429,0.4630640178060295,0.6852772212922937,83.15302845526872
1.7583333333333324,-5.843991240127135,7.046300999311241,0.46207952673220715,0.6981973960578094,87.56876113958448
1.7749999999999992,-5.879799259956423,6.589592476247075,0.43182749907386,0.7141182723183452,91.92533724286287
1.7916666666666659,-5.720368541605529,5.526108150180325,0.3704563469603224,0.72987170854667,96.3618481837258
1.8249999999999993,-5.395823319314091,3.8494502490863667,0.27642103023403275,0.7285571395662238,96.54737277389768
1.9416666666666658,-4.937317548180944,1.5841500890748044,0.14953309464995226,0.3108148136995152,23.020982662580145
1.9583333333333326,-4.614620104422983,-0.0006812885755120845,0.05960580716208843,0.3366059660008376,25.35402666812957
1.9749999999999992,-4.426488816771642,-0.9153600387874226,0.006049834167760039,0.3619040141988955,27.722013143812088
1.9916666666666658,-4.356753196816591,-1.2458346373129552,-0.015034677323849778,0.38241447044532795,29.786328043631592
2.0083333333333324,-4.40640650630824,-0.9915353585681382,-0.003554580319053817,0.39854618637133665,31.561930984257774
2.024999999999999,-4.446454278905271,-0.7874217165469644,0.005399258153488262,0.4167037062382948,33.554523162345475
