played_at,csv_id,csv_name,result,keeper_touched,event_time_seconds
"2026-07-18 14:42:52","30b1aab7ae154d92b73d29a5b2db1be1","penalty_bottom_left_trajectory.csv","进球",false,0.510
"2026-07-18 14:42:55","30b1aab7ae154d92b73d29a5b2db1be1","penalty_bottom_left_trajectory.csv","进球",false,0.510
"2026-07-18 15:22:09","2aaad42ae288497d833c76ab1e0e1986","penalty_center_chip_trajectory.csv","射偏",false,0.870
"2026-07-18 15:22:14","2aaad42ae288497d833c76ab1e0e1986","penalty_center_chip_trajectory.csv","射偏",false,0.870
"2026-07-18 15:22:18","2aaad42ae288497d833c76ab1e0e1986","penalty_center_chip_trajectory.csv","射偏",false,0.870
"2026-07-18 15:22:25","2ac70f29860c46279a8dd7a73b71e134","penalty_center_chip_trajectory.csv","射偏",false,0.870
"2026-07-18 15:22:27","2ac70f29860c46279a8dd7a73b71e134","penalty_center_chip_trajectory.csv","射偏",false,0.870
"2026-07-18 15:22:36","d2de0d503d3b4abd895cb9ba16d25b08","penalty_center_power_trajectory.csv","扑出",true,0.360
"2026-07-18 15:22:40","d2de0d503d3b4abd895cb9ba16d25b08","penalty_center_power_trajectory.csv","扑出",true,0.360
"2026-07-18 15:22:45","d2de0d503d3b4abd895cb9ba16d25b08","penalty_center_power_trajectory.csv","扑出",true,0.360
"2026-07-18 15:22:50","d2de0d503d3b4abd895cb9ba16d25b08","penalty_center_power_trajectory.csv","扑出",true,0.360
"2026-07-18 15:22:57","af99580448a948d3819686e72eb57c54","penalty_bottom_right_trajectory.csv","扑出",true,0.360
"2026-07-18 15:23:02","af99580448a948d3819686e72eb57c54","penalty_bottom_right_trajectory.csv","进球",false,0.510
"2026-07-18 15:23:07","af99580448a948d3819686e72eb57c54","penalty_bottom_right_trajectory.csv","进球",false,0.510
"2026-07-18 15:23:11","af99580448a948d3819686e72eb57c54","penalty_bottom_right_trajectory.csv","进球",false,0.510
"2026-07-18 15:23:13","af99580448a948d3819686e72eb57c54","penalty_bottom_right_trajectory.csv","扑出",true,0.380
"2026-07-18 15:23:16","af99580448a948d3819686e72eb57c54","penalty_bottom_right_trajectory.csv","进球",false,0.510
"2026-07-18 15:23:18","af99580448a948d3819686e72eb57c54","penalty_bottom_right_trajectory.csv","扑出",true,0.400
"2026-07-18 15:58:18","61a14780aa3343b38cedd926c444c145","penalty_bottom_left_trajectory.csv","扑出",true,0.340
"2026-07-18 15:58:41","08538a236d214eae95b7420c339f7b6f","penalty_bottom_left_trajectory.csv","扑出",true,0.360
"2026-07-18 15:59:06","ba9c66aac63d46b9b2ffdf68734b96d2","penalty_bottom_right_trajectory.csv","扑出",true,0.360
"2026-07-18 15:59:15","ba9c66aac63d46b9b2ffdf68734b96d2","penalty_bottom_right_trajectory.csv","扑出",true,0.400
"2026-07-18 15:59:21","d39ae11c5c3849ae98a327c7a86afceb","penalty_center_power_trajectory.csv","扑出",true,0.360
"2026-07-18 15:59:24","d39ae11c5c3849ae98a327c7a86afceb","penalty_center_power_trajectory.csv","扑出",true,0.360
"2026-07-18 15:59:26","d39ae11c5c3849ae98a327c7a86afceb","penalty_center_power_trajectory.csv","扑出",true,0.360
"2026-07-18 15:59:28","d39ae11c5c3849ae98a327c7a86afceb","penalty_center_power_trajectory.csv","扑出",true,0.360
"2026-07-18 15:59:31","d39ae11c5c3849ae98a327c7a86afceb","penalty_center_power_trajectory.csv","扑出",true,0.360
"2026-07-18 15:59:36","e4dd0a1717b0433a9177df231146845e","penalty_top_left_trajectory.csv","扑出",true,0.360
"2026-07-18 15:59:40","e4dd0a1717b0433a9177df231146845e","penalty_top_left_trajectory.csv","扑出",true,0.460
"2026-07-18 15:59:43","e4dd0a1717b0433a9177df231146845e","penalty_top_left_trajectory.csv","扑出",true,0.460
"2026-07-18 16:45:29","0653a8c270ac4912ac9762c65f46a6c3","penalty_bottom_left_trajectory.csv","扑出",true,0.360
"2026-07-18 16:46:24","f798a8968fb242869cc54803c8458871","penalty_bottom_left_trajectory.csv","扑出",true,0.360
"2026-07-18 16:46:36","f798a8968fb242869cc54803c8458871","penalty_bottom_left_trajectory.csv","扑出",true,0.380
"2026-07-18 16:46:47","f798a8968fb242869cc54803c8458871","penalty_bottom_left_trajectory.csv","扑出",true,0.400
"2026-07-18 16:46:51","f798a8968fb242869cc54803c8458871","penalty_bottom_left_trajectory.csv","扑出",true,0.380
"2026-07-18 16:46:56","f798a8968fb242869cc54803c8458871","penalty_bottom_left_trajectory.csv","射偏",false,0.510
"2026-07-18 16:47:00","f798a8968fb242869cc54803c8458871","penalty_bottom_left_trajectory.csv","扑出",true,0.380
"2026-07-18 16:47:09","8880b3f1fe984b97810bf4d5c6453bcb","penalty_center_chip_trajectory.csv","射偏",false,0.870
"2026-07-18 16:47:17","8880b3f1fe984b97810bf4d5c6453bcb","penalty_center_chip_trajectory.csv","射偏",false,0.870
"2026-07-18 16:47:25","4f4c36ede8a244a090072ff121f36853","penalty_center_power_trajectory.csv","扑出",true,0.360
"2026-07-18 16:47:37","4f4c36ede8a244a090072ff121f36853","penalty_center_power_trajectory.csv","扑出",true,0.360
"2026-07-18 16:47:41","4f4c36ede8a244a090072ff121f36853","penalty_center_power_trajectory.csv","扑出",true,0.360
"2026-07-18 16:47:46","4f4c36ede8a244a090072ff121f36853","penalty_center_power_trajectory.csv","扑出",true,0.360
"2026-07-18 16:47:48","4f4c36ede8a244a090072ff121f36853","penalty_center_power_trajectory.csv","扑出",true,0.360
"2026-07-18 16:47:55","c8d9733ab1e04117ae5228d550f507ee","penalty_curved_right_trajectory.csv","扑出",true,0.360
"2026-07-18 16:48:02","c8d9733ab1e04117ae5228d550f507ee","penalty_curved_right_trajectory.csv","扑出",true,0.480
"2026-07-18 16:48:07","c8d9733ab1e04117ae5228d550f507ee","penalty_curved_right_trajectory.csv","扑出",true,0.480
"2026-07-18 17:12:45","48081b7c67b646fd9560821f741aa4a4","penalty_bottom_right_trajectory.csv","扑出",true,0.700
"2026-07-18 17:19:42","1f49fe7898044785a6ee21f429a5e3fe","penalty_bottom_left_trajectory.csv","进球",false,0.580
"2026-07-18 17:19:45","1f49fe7898044785a6ee21f429a5e3fe","penalty_bottom_left_trajectory.csv","进球",false,0.580
"2026-07-18 17:19:53","1f49fe7898044785a6ee21f429a5e3fe","penalty_bottom_left_trajectory.csv","进球",false,0.580
"2026-07-18 17:19:56","1f49fe7898044785a6ee21f429a5e3fe","penalty_bottom_left_trajectory.csv","进球",false,0.580
"2026-07-18 17:20:01","1f49fe7898044785a6ee21f429a5e3fe","penalty_bottom_left_trajectory.csv","进球",false,0.580
"2026-07-18 17:20:07","1f49fe7898044785a6ee21f429a5e3fe","penalty_bottom_left_trajectory.csv","进球",false,0.580
"2026-07-18 17:20:11","1f49fe7898044785a6ee21f429a5e3fe","penalty_bottom_left_trajectory.csv","进球",false,0.580
"2026-07-18 17:20:15","1f49fe7898044785a6ee21f429a5e3fe","penalty_bottom_left_trajectory.csv","进球",false,0.580
"2026-07-18 17:20:19","1f49fe7898044785a6ee21f429a5e3fe","penalty_bottom_left_trajectory.csv","进球",false,0.580
"2026-07-18 17:20:24","1f49fe7898044785a6ee21f429a5e3fe","penalty_bottom_left_trajectory.csv","进球",false,0.580
"2026-07-18 17:20:29","1f49fe7898044785a6ee21f429a5e3fe","penalty_bottom_left_trajectory.csv","进球",false,0.580
"2026-07-18 17:20:33","1f49fe7898044785a6ee21f429a5e3fe","penalty_bottom_left_trajectory.csv","进球",false,0.580
"2026-07-18 17:20:38","1f49fe7898044785a6ee21f429a5e3fe","penalty_bottom_left_trajectory.csv","进球",false,0.580
"2026-07-18 17:20:43","1f49fe7898044785a6ee21f429a5e3fe","penalty_bottom_left_trajectory.csv","进球",false,0.580
"2026-07-18 17:20:46","1f49fe7898044785a6ee21f429a5e3fe","penalty_bottom_left_trajectory.csv","进球",false,0.580
"2026-07-18 17:20:49","1f49fe7898044785a6ee21f429a5e3fe","penalty_bottom_left_trajectory.csv","进球",false,0.580
"2026-07-18 17:20:53","1f49fe7898044785a6ee21f429a5e3fe","penalty_bottom_left_trajectory.csv","进球",false,0.580
"2026-07-18 17:20:57","1f49fe7898044785a6ee21f429a5e3fe","penalty_bottom_left_trajectory.csv","进球",false,0.580
"2026-07-18 17:21:00","1f49fe7898044785a6ee21f429a5e3fe","penalty_bottom_left_trajectory.csv","进球",false,0.580
"2026-07-18 17:21:03","1f49fe7898044785a6ee21f429a5e3fe","penalty_bottom_left_trajectory.csv","进球",false,0.580
"2026-07-18 17:29:54","4d4edf7f76a4441b8fb13ba66926a4b3","penalty_bottom_left_trajectory.csv","进球",false,0.280
"2026-07-18 17:29:58","4d4edf7f76a4441b8fb13ba66926a4b3","penalty_bottom_left_trajectory.csv","进球",false,0.280
"2026-07-18 17:30:01","4d4edf7f76a4441b8fb13ba66926a4b3","penalty_bottom_left_trajectory.csv","进球",false,0.280
"2026-07-18 17:30:10","4d4edf7f76a4441b8fb13ba66926a4b3","penalty_bottom_left_trajectory.csv","进球",false,0.280
"2026-07-18 17:30:13","4d4edf7f76a4441b8fb13ba66926a4b3","penalty_bottom_left_trajectory.csv","进球",false,0.280
"2026-07-18 17:30:18","4d4edf7f76a4441b8fb13ba66926a4b3","penalty_bottom_left_trajectory.csv","进球",false,0.280
"2026-07-18 17:30:22","4d4edf7f76a4441b8fb13ba66926a4b3","penalty_bottom_left_trajectory.csv","进球",false,0.280
"2026-07-18 17:30:28","4d4edf7f76a4441b8fb13ba66926a4b3","penalty_bottom_left_trajectory.csv","进球",false,0.280
"2026-07-18 17:30:31","4d4edf7f76a4441b8fb13ba66926a4b3","penalty_bottom_left_trajectory.csv","进球",false,0.280
"2026-07-18 17:30:34","4d4edf7f76a4441b8fb13ba66926a4b3","penalty_bottom_left_trajectory.csv","进球",false,0.280
"2026-07-18 17:30:37","4d4edf7f76a4441b8fb13ba66926a4b3","penalty_bottom_left_trajectory.csv","进球",false,0.280
"2026-07-18 17:30:41","4d4edf7f76a4441b8fb13ba66926a4b3","penalty_bottom_left_trajectory.csv","进球",false,0.280
"2026-07-18 17:30:43","4d4edf7f76a4441b8fb13ba66926a4b3","penalty_bottom_left_trajectory.csv","进球",false,0.280
"2026-07-18 17:30:46","4d4edf7f76a4441b8fb13ba66926a4b3","penalty_bottom_left_trajectory.csv","进球",false,0.280
"2026-07-18 17:30:49","4d4edf7f76a4441b8fb13ba66926a4b3","penalty_bottom_left_trajectory.csv","进球",false,0.280
"2026-07-18 17:30:52","4d4edf7f76a4441b8fb13ba66926a4b3","penalty_bottom_left_trajectory.csv","进球",false,0.280
"2026-07-18 17:30:54","4d4edf7f76a4441b8fb13ba66926a4b3","penalty_bottom_left_trajectory.csv","进球",false,0.280
"2026-07-18 17:30:55","4d4edf7f76a4441b8fb13ba66926a4b3","penalty_bottom_left_trajectory.csv","进球",false,0.280
"2026-07-18 17:30:59","4d4edf7f76a4441b8fb13ba66926a4b3","penalty_bottom_left_trajectory.csv","进球",false,0.280
"2026-07-18 17:31:11","a52204218a174986aba07ba010c9f5ef","penalty_bottom_right_trajectory.csv","进球",true,0.480
"2026-07-18 17:31:16","a52204218a174986aba07ba010c9f5ef","penalty_bottom_right_trajectory.csv","被扑出",true,0.500
"2026-07-18 17:31:18","a52204218a174986aba07ba010c9f5ef","penalty_bottom_right_trajectory.csv","进球",true,0.460
"2026-07-18 17:31:21","a52204218a174986aba07ba010c9f5ef","penalty_bottom_right_trajectory.csv","进球",true,0.480
"2026-07-18 17:31:24","a52204218a174986aba07ba010c9f5ef","penalty_bottom_right_trajectory.csv","进球",true,0.480
"2026-07-18 17:31:27","a52204218a174986aba07ba010c9f5ef","penalty_bottom_right_trajectory.csv","被扑出",true,0.500
"2026-07-18 17:31:28","a52204218a174986aba07ba010c9f5ef","penalty_bottom_right_trajectory.csv","进球",true,0.480
"2026-07-18 17:31:30","a52204218a174986aba07ba010c9f5ef","penalty_bottom_right_trajectory.csv","进球",true,0.480
"2026-07-18 17:31:33","a52204218a174986aba07ba010c9f5ef","penalty_bottom_right_trajectory.csv","被扑出",true,0.500
"2026-07-18 17:31:35","a52204218a174986aba07ba010c9f5ef","penalty_bottom_right_trajectory.csv","进球",true,0.480
"2026-07-18 17:31:38","a52204218a174986aba07ba010c9f5ef","penalty_bottom_right_trajectory.csv","进球",true,0.460
"2026-07-18 17:31:43","a52204218a174986aba07ba010c9f5ef","penalty_bottom_right_trajectory.csv","射偏",false,0.580
"2026-07-18 17:31:45","a52204218a174986aba07ba010c9f5ef","penalty_bottom_right_trajectory.csv","进球",true,0.480
"2026-07-18 17:31:51","a52204218a174986aba07ba010c9f5ef","penalty_bottom_right_trajectory.csv","射偏",false,0.580
"2026-07-18 18:10:19","a52204218a174986aba07ba010c9f5ef","penalty_bottom_right_trajectory.csv","射偏",false,0.580
"2026-07-18 18:11:47","b5a70ff6fab64d6288031b5d537ac259","penalty_bottom_left_trajectory.csv","进球",false,0.580
"2026-07-18 18:11:51","b5a70ff6fab64d6288031b5d537ac259","penalty_bottom_left_trajectory.csv","进球",false,0.580
"2026-07-18 18:11:55","b5a70ff6fab64d6288031b5d537ac259","penalty_bottom_left_trajectory.csv","进球",false,0.580
"2026-07-18 18:24:01","fc34a770101e4343a73af42b6f68f7c7","penalty_bottom_left_trajectory.csv","进球",false,0.580
"2026-07-18 18:24:04","fc34a770101e4343a73af42b6f68f7c7","penalty_bottom_left_trajectory.csv","进球",true,0.420
"2026-07-18 18:24:13","fc34a770101e4343a73af42b6f68f7c7","penalty_bottom_left_trajectory.csv","进球",true,0.420
"2026-07-18 18:24:17","fc34a770101e4343a73af42b6f68f7c7","penalty_bottom_left_trajectory.csv","进球",true,0.420
"2026-07-18 18:24:19","fc34a770101e4343a73af42b6f68f7c7","penalty_bottom_left_trajectory.csv","进球",false,0.580
"2026-07-18 18:24:24","fc34a770101e4343a73af42b6f68f7c7","penalty_bottom_left_trajectory.csv","进球",true,0.420
"2026-07-18 18:24:27","fc34a770101e4343a73af42b6f68f7c7","penalty_bottom_left_trajectory.csv","进球",true,0.420
"2026-07-18 18:24:33","fc34a770101e4343a73af42b6f68f7c7","penalty_bottom_left_trajectory.csv","进球",true,0.400
"2026-07-18 18:24:41","fc34a770101e4343a73af42b6f68f7c7","penalty_bottom_left_trajectory.csv","被扑出",true,0.420
"2026-07-18 18:24:47","fc34a770101e4343a73af42b6f68f7c7","penalty_bottom_left_trajectory.csv","进球",true,0.420
"2026-07-18 18:24:51","fc34a770101e4343a73af42b6f68f7c7","penalty_bottom_left_trajectory.csv","进球",true,0.420
"2026-07-18 18:24:54","fc34a770101e4343a73af42b6f68f7c7","penalty_bottom_left_trajectory.csv","进球",true,0.420
"2026-07-18 18:24:58","fc34a770101e4343a73af42b6f68f7c7","penalty_bottom_left_trajectory.csv","进球",true,0.420
"2026-07-18 18:25:03","fc34a770101e4343a73af42b6f68f7c7","penalty_bottom_left_trajectory.csv","进球",false,0.580
"2026-07-18 18:25:07","fc34a770101e4343a73af42b6f68f7c7","penalty_bottom_left_trajectory.csv","进球",false,0.580
"2026-07-18 18:25:15","fc34a770101e4343a73af42b6f68f7c7","penalty_bottom_left_trajectory.csv","进球",false,0.580
"2026-07-18 19:03:37","b0377b45587c4f4a9950612e84e33169","penalty_bottom_left_trajectory.csv","进球",false,0.580
"2026-07-18 19:03:41","b0377b45587c4f4a9950612e84e33169","penalty_bottom_left_trajectory.csv","进球",false,0.580
"2026-07-18 19:03:44","b0377b45587c4f4a9950612e84e33169","penalty_bottom_left_trajectory.csv","进球",false,0.580
"2026-07-18 19:03:48","b0377b45587c4f4a9950612e84e33169","penalty_bottom_left_trajectory.csv","进球",false,0.580
"2026-07-18 19:03:52","b0377b45587c4f4a9950612e84e33169","penalty_bottom_left_trajectory.csv","进球",false,0.580
"2026-07-18 19:03:54","b0377b45587c4f4a9950612e84e33169","penalty_bottom_left_trajectory.csv","进球",false,0.580
"2026-07-18 19:03:57","b0377b45587c4f4a9950612e84e33169","penalty_bottom_left_trajectory.csv","进球",false,0.580
"2026-07-18 19:04:08","b0377b45587c4f4a9950612e84e33169","penalty_bottom_left_trajectory.csv","进球",false,0.580
"2026-07-18 19:05:06","b0377b45587c4f4a9950612e84e33169","penalty_bottom_left_trajectory.csv","进球",false,0.580
"2026-07-18 19:05:08","b0377b45587c4f4a9950612e84e33169","penalty_bottom_left_trajectory.csv","进球",false,0.580
"2026-07-18 19:05:13","b0377b45587c4f4a9950612e84e33169","penalty_bottom_left_trajectory.csv","进球",false,0.580
"2026-07-18 19:05:22","b0377b45587c4f4a9950612e84e33169","penalty_bottom_left_trajectory.csv","被扑出",true,0.420
"2026-07-18 19:05:28","b0377b45587c4f4a9950612e84e33169","penalty_bottom_left_trajectory.csv","被扑出",true,0.420
"2026-07-18 19:05:28","b0377b45587c4f4a9950612e84e33169","penalty_bottom_left_trajectory.csv","进球",false,0.580
"2026-07-18 19:05:32","b0377b45587c4f4a9950612e84e33169","penalty_bottom_left_trajectory.csv","进球",false,0.580
"2026-07-18 19:05:37","b0377b45587c4f4a9950612e84e33169","penalty_bottom_left_trajectory.csv","进球",false,0.580
"2026-07-18 19:05:40","b0377b45587c4f4a9950612e84e33169","penalty_bottom_left_trajectory.csv","被扑出",true,0.000
"2026-07-18 19:06:02","3e4c176923614405a0811375eebf8e48","penalty_mid_right_trajectory.csv","被扑出",true,0.540
"2026-07-18 19:06:07","3e4c176923614405a0811375eebf8e48","penalty_mid_right_trajectory.csv","进球",false,0.660
"2026-07-18 19:06:13","3e4c176923614405a0811375eebf8e48","penalty_mid_right_trajectory.csv","进球",false,0.660
"2026-07-18 19:06:16","3e4c176923614405a0811375eebf8e48","penalty_mid_right_trajectory.csv","进球",false,0.660
"2026-07-18 19:06:29","3e4c176923614405a0811375eebf8e48","penalty_mid_right_trajectory.csv","被扑出",true,0.540
"2026-07-18 19:52:28","b47957ecd5a94eb589bb154a5475ad1d","unity_20260718_194814_trajectory.csv","进球",false,1.075
"2026-07-18 19:52:34","b47957ecd5a94eb589bb154a5475ad1d","unity_20260718_194814_trajectory.csv","被扑出",true,0.780
"2026-07-18 19:52:38","b47957ecd5a94eb589bb154a5475ad1d","unity_20260718_194814_trajectory.csv","进球",false,1.075
"2026-07-18 19:52:48","b47957ecd5a94eb589bb154a5475ad1d","unity_20260718_194814_trajectory.csv","被扑出",true,0.760
"2026-07-18 19:52:54","b47957ecd5a94eb589bb154a5475ad1d","unity_20260718_194814_trajectory.csv","射偏",false,0.900
"2026-07-18 21:22:42","b0377b45587c4f4a9950612e84e33169","penalty_bottom_left_trajectory.csv","进球",false,0.580
"2026-07-18 21:22:46","b0377b45587c4f4a9950612e84e33169","penalty_bottom_left_trajectory.csv","进球",false,0.580
"2026-07-18 21:22:50","b0377b45587c4f4a9950612e84e33169","penalty_bottom_left_trajectory.csv","进球",false,0.580
"2026-07-18 21:22:56","b0377b45587c4f4a9950612e84e33169","penalty_bottom_left_trajectory.csv","进球",false,0.580
"2026-07-18 21:22:59","b0377b45587c4f4a9950612e84e33169","penalty_bottom_left_trajectory.csv","进球",false,0.580
"2026-07-18 21:23:07","b0377b45587c4f4a9950612e84e33169","penalty_bottom_left_trajectory.csv","进球",false,0.580
"2026-07-18 21:23:11","b0377b45587c4f4a9950612e84e33169","penalty_bottom_left_trajectory.csv","进球",false,0.580
"2026-07-18 21:23:14","b0377b45587c4f4a9950612e84e33169","penalty_bottom_left_trajectory.csv","进球",false,0.580
"2026-07-18 21:23:17","b0377b45587c4f4a9950612e84e33169","penalty_bottom_left_trajectory.csv","进球",false,0.580
"2026-07-18 21:23:22","b0377b45587c4f4a9950612e84e33169","penalty_bottom_left_trajectory.csv","进球",false,0.580
"2026-07-18 21:23:25","b0377b45587c4f4a9950612e84e33169","penalty_bottom_left_trajectory.csv","进球",false,0.580
"2026-07-18 21:23:29","b0377b45587c4f4a9950612e84e33169","penalty_bottom_left_trajectory.csv","进球",false,0.580
"2026-07-18 21:23:32","b0377b45587c4f4a9950612e84e33169","penalty_bottom_left_trajectory.csv","进球",false,0.580
"2026-07-18 21:23:34","b0377b45587c4f4a9950612e84e33169","penalty_bottom_left_trajectory.csv","进球",false,0.580
"2026-07-18 21:23:38","b0377b45587c4f4a9950612e84e33169","penalty_bottom_left_trajectory.csv","进球",false,0.580
"2026-07-18 21:23:41","b0377b45587c4f4a9950612e84e33169","penalty_bottom_left_trajectory.csv","进球",false,0.580
"2026-07-18 21:23:46","b0377b45587c4f4a9950612e84e33169","penalty_bottom_left_trajectory.csv","进球",false,0.580
"2026-07-18 21:23:49","b0377b45587c4f4a9950612e84e33169","penalty_bottom_left_trajectory.csv","进球",false,0.580
"2026-07-18 21:23:53","b0377b45587c4f4a9950612e84e33169","penalty_bottom_left_trajectory.csv","进球",false,0.580
"2026-07-18 21:23:58","b0377b45587c4f4a9950612e84e33169","penalty_bottom_left_trajectory.csv","进球",false,0.580
"2026-07-18 21:24:01","b0377b45587c4f4a9950612e84e33169","penalty_bottom_left_trajectory.csv","进球",false,0.580
"2026-07-18 21:24:06","b0377b45587c4f4a9950612e84e33169","penalty_bottom_left_trajectory.csv","进球",false,0.580
"2026-07-18 21:24:10","b0377b45587c4f4a9950612e84e33169","penalty_bottom_left_trajectory.csv","进球",false,0.580
"2026-07-18 21:24:15","b0377b45587c4f4a9950612e84e33169","penalty_bottom_left_trajectory.csv","进球",false,0.580
"2026-07-18 21:24:22","b0377b45587c4f4a9950612e84e33169","penalty_bottom_left_trajectory.csv","被扑出",true,0.480
"2026-07-18 21:24:24","b0377b45587c4f4a9950612e84e33169","penalty_bottom_left_trajectory.csv","进球",false,0.580
"2026-07-19 15:12:16","befec0c843a04bb5bc42d171240b3ffd","penalty_bottom_right_trajectory.csv","进球",false,0.580
"2026-07-19 15:12:20","befec0c843a04bb5bc42d171240b3ffd","penalty_bottom_right_trajectory.csv","进球",false,0.580
"2026-07-19 15:12:23","befec0c843a04bb5bc42d171240b3ffd","penalty_bottom_right_trajectory.csv","进球",false,0.580
"2026-07-19 15:12:26","befec0c843a04bb5bc42d171240b3ffd","penalty_bottom_right_trajectory.csv","进球",false,0.580
"2026-07-19 15:12:34","befec0c843a04bb5bc42d171240b3ffd","penalty_bottom_right_trajectory.csv","被扑出",true,0.480
"2026-07-19 15:12:44","05e496f1f9e4411b92c358988b734a56","penalty_bottom_left_trajectory.csv","射偏",false,0.480
"2026-07-19 15:12:50","05e496f1f9e4411b92c358988b734a56","penalty_bottom_left_trajectory.csv","被扑出",true,0.480
"2026-07-19 15:13:00","05e496f1f9e4411b92c358988b734a56","penalty_bottom_left_trajectory.csv","射偏",false,0.460
"2026-07-19 15:13:05","05e496f1f9e4411b92c358988b734a56","penalty_bottom_left_trajectory.csv","射偏",false,0.460
"2026-07-19 15:13:12","05e496f1f9e4411b92c358988b734a56","penalty_bottom_left_trajectory.csv","射偏",false,0.480
"2026-07-19 15:13:17","05e496f1f9e4411b92c358988b734a56","penalty_bottom_left_trajectory.csv","被扑出",true,0.480
"2026-07-19 15:13:18","05e496f1f9e4411b92c358988b734a56","penalty_bottom_left_trajectory.csv","进球",false,0.580
"2026-07-19 15:13:31","05e496f1f9e4411b92c358988b734a56","penalty_bottom_left_trajectory.csv","进球",false,0.580
"2026-07-19 15:13:40","05e496f1f9e4411b92c358988b734a56","penalty_bottom_left_trajectory.csv","被扑出",true,0.480
"2026-07-19 15:29:58","67a8f95387c7479d8cc097904b22a61c","penalty_center_power_trajectory.csv","被扑出",true,0.400
"2026-07-21 20:59:09","cc22c9a641a046399244dac20dc0292c","penalty_curved_right_trajectory.csv","被扑出",true,0.660
"2026-07-21 20:59:29","cc22c9a641a046399244dac20dc0292c","penalty_curved_right_trajectory.csv","进球",false,0.800
"2026-07-21 20:59:36","cc22c9a641a046399244dac20dc0292c","penalty_curved_right_trajectory.csv","进球",false,0.800
"2026-07-21 20:59:40","cc22c9a641a046399244dac20dc0292c","penalty_curved_right_trajectory.csv","进球",false,0.800
"2026-07-22 17:31:32","76e040055aa94ba7839061f3c309e990","unity_20260722_172635_trajectory.csv","进球",false,1.075
"2026-07-22 17:31:38","76e040055aa94ba7839061f3c309e990","unity_20260722_172635_trajectory.csv","进球",false,1.075
"2026-07-22 17:31:41","76e040055aa94ba7839061f3c309e990","unity_20260722_172635_trajectory.csv","进球",false,1.075
"2026-07-22 17:35:59","4825e5b6d3064b6f82d82bc31121e009","unity_20260722_173159_trajectory.csv","进球",false,1.075
"2026-07-22 17:36:02","4825e5b6d3064b6f82d82bc31121e009","unity_20260722_173159_trajectory.csv","进球",false,1.075
"2026-07-22 17:36:06","4825e5b6d3064b6f82d82bc31121e009","unity_20260722_173159_trajectory.csv","进球",false,1.075
"2026-07-22 17:36:11","4825e5b6d3064b6f82d82bc31121e009","unity_20260722_173159_trajectory.csv","进球",false,1.075
"2026-07-22 17:36:15","4825e5b6d3064b6f82d82bc31121e009","unity_20260722_173159_trajectory.csv","进球",false,1.075
"2026-07-22 17:36:19","4825e5b6d3064b6f82d82bc31121e009","unity_20260722_173159_trajectory.csv","进球",false,1.075
"2026-07-25 15:36:47","932f14c8b799492d8deee78b7930da0a","sample1_trajectory.csv","被扑出",true,0.820
"2026-07-25 15:36:51","932f14c8b799492d8deee78b7930da0a","sample1_trajectory.csv","被扑出",true,0.820
"2026-07-25 15:36:56","932f14c8b799492d8deee78b7930da0a","sample1_trajectory.csv","被扑出",true,0.820
"2026-07-25 15:37:00","932f14c8b799492d8deee78b7930da0a","sample1_trajectory.csv","被扑出",true,0.820
"2026-07-25 16:12:44","50e167d7d0e643f3bd8f018d24f4e526","sample2_trajectory.csv","被扑出",true,0.580
"2026-07-26 14:24:40","8d863f26fd46489abc6e786d433cf4ff","sample1_trajectory.csv","被扑出",true,0.820
"2026-07-26 14:24:44","8d863f26fd46489abc6e786d433cf4ff","sample1_trajectory.csv","被扑出",true,0.820
"2026-07-26 14:27:13","23017dab11434edba5cba3481e657cdf","sample2_trajectory.csv","被扑出",true,0.560
"2026-07-26 22:42:33","f31c04df3b7c4e9d80e8182045f265d4","sample1_trajectory.csv","被扑出",true,0.820
"2026-07-26 22:42:39","f31c04df3b7c4e9d80e8182045f265d4","sample1_trajectory.csv","射偏",false,0.820
"2026-07-26 22:42:41","f31c04df3b7c4e9d80e8182045f265d4","sample1_trajectory.csv","进球",false,1.062
"2026-08-02 12:33:14","848e6b1b266b41fd82536cfc84d769ab","sample1_trajectory.csv","被扑出",true,0.820
"2026-08-02 12:33:18","848e6b1b266b41fd82536cfc84d769ab","sample1_trajectory.csv","被扑出",true,0.820
"2026-08-02 12:42:07","d4b938a1e5fa4bc9993ad30ce1e9e2b3","sample1_trajectory.csv","被扑出",true,0.820
"2026-08-02 16:46:12","5071c7a6509040b1b263e5bb8bac33a6","sample1_trajectory.csv","进球",false,1.075
"2026-08-02 16:46:16","5071c7a6509040b1b263e5bb8bac33a6","sample1_trajectory.csv","进球",false,1.075
"2026-08-02 16:46:20","5071c7a6509040b1b263e5bb8bac33a6","sample1_trajectory.csv","进球",false,1.075
"2026-08-02 16:46:27","5071c7a6509040b1b263e5bb8bac33a6","sample1_trajectory.csv","被扑出",true,0.840
"2026-08-08 15:58:10","e8ae0261cca540fc959454faea8f5f3b","sample2_trajectory.csv","射偏",false,1.325
"2026-08-08 15:58:15","e8ae0261cca540fc959454faea8f5f3b","sample2_trajectory.csv","射偏",false,1.325
"2026-08-08 15:58:19","e8ae0261cca540fc959454faea8f5f3b","sample2_trajectory.csv","射偏",false,1.325
"2026-08-08 15:58:23","e8ae0261cca540fc959454faea8f5f3b","sample2_trajectory.csv","射偏",false,1.325
"2026-08-08 15:58:28","e8ae0261cca540fc959454faea8f5f3b","sample2_trajectory.csv","射偏",false,1.325
"2026-08-08 15:58:32","e8ae0261cca540fc959454faea8f5f3b","sample2_trajectory.csv","射偏",false,1.325
"2026-08-08 15:58:42","ac8cae7917ce4efeac70f2edc75c961b","sample1_trajectory.csv","进球",false,1.075
"2026-08-08 15:58:50","59a09d955db342c9a924bac7f132f814","sample3_trajectory.csv","进球",false,0.771
"2026-08-08 15:59:12","df161a0755f94abea0dbf3a09d443f98","sample2_trajectory.csv","射偏",false,1.325
"2026-08-08 16:10:45","30a9d0ca22c1416eb5ec211eba0c4c6c","sample2_trajectory.csv","被扑出",true,0.580
